name,phone,height,weight,gender,age,tdee,password
Deanna Ross,7782305730,160.0,50.0,female,24,2000.0,123456dr
Robert Mann,7781591152,180.0,78.0,male,45,2500.0,123456rm
Joshua Meyer,7785006113,175.0,70.0,male,23,2400.0,123456jm
Rachel Sanchez,2360579517,165.0,55.0,female,17,2100.0,123456rs
Curtis Lopez,7782693083,190.0,85.0,male,14,2600.0,123456cl
Jonathan Phillips,2361696400,185.0,80.0,male,46,2550.0,123456jp
Madeline Pace,6042350916,155.0,45.0,female,23,1900.0,123456mp
Jennifer Moore,6047023735,150.0,40.0,female,23,1800.0,123456jm
Robert Scott,2360189928,170.0,65.0,male,53,2300.0,123456rs
Katherine Adkins,7789077263,160.0,50.0,felame,26,2000.0,123456ka
Shawn Pham,7788279743,175.0,70.0,male,12,2400.0,123456sp
Nichole Morris,7789767735,165.0,55.0,female,54,2100.0,123456nm
Charles Walls,2365031402,190.0,85.0,male,23,2600.0,123456cw
Matthew Cohen,2360122271,185.0,80.0,male,67,2550.0,123456mc
Kyle Green,2365945021,155.0,45.0,feamle,23,1900.0,123456kg
Shirley Richard,7780404455,150.0,40.0,feamle,76,1800.0,123456sr
Teresa Gill,6042785329,170.0,65.0,male,14,2300.0,123456tg
Brittany Delacruz,6046967141,160.0,50.0,feamle,76,2000.0,123456bd
Jason Allen,7788862135,175.0,70.0,male,24,2400.0,123456ja
Amanda Bradley,7783105546,165.0,55.0,feamle,40,2100.0,123456ab